assembly,gene,feature,start,end,strand,seq,pseudo
,,L-PART1,,,,ATGGCCTGGATGATGCTTCTCCTCGGACTCCTTGCTTATGGCTCAGGT,
,,L-PART1,,,,ATGGCCCTGACTCCTCTCCTCCTCCTGCTCCTCTCTCACTGCACAGGT,
,,L-PART1,,,,ATGCCCTGGGCTCTGCTCCTCCTGACCCTCCTCACTCACTCTGCAGGT,
,,L-PART1,,,,ATGGCCTGGGCTCCACTCCTCCTCACCCTCCTCGCTCACTGCACAGGT,
,,L-PART1,,,,ATGGCCTGGGCTCCACTCCTCCTCACCCTCCTCGCTCACTGCACAGGT,
,,L-PART1,,,,ATGGCCTGGGCCCCTCTCCTGCTGCTTCTCTCTCAATTCTCAGGT,
,,L-PART1,,,,ATGGCCTGGACCCCACTCCTCCTCCTCCTCCTCACTCTCCTCCTTCACTGCACAGGT,
,,L-PART1,,,,ATGGCCTGGACTCTTCTCCTTCTCATGCTCCTCTCTCACTGCACAGGT,
,,L-PART1,,,,ATGGCCTGGGCTCCACTCCTCCTCACCCTCCTCGCTCACTGCACAGGT,
,,L-PART1,,,,ATGGCCTGGACTCTGCTCCTCCTCCAGTTCCTCCTCACTTGCTGCCCAGGT,
,,L-PART1,,,,ATGGCCTGGACTCCTCTCTTCCTCCTGCTCTTCTCTCACTGCACAGGT,
,,L-PART1,,,,ATGACCTGGTCCCCTCTCCTCCTCACCCTTCTCATTCACTGCACAGGT,
,,L-PART1,,,,ATGGCCTGGTCTCCTCTCCTCCTCACCCTTCTCATTCACTGCACAGGT,
,,L-PART1,,,,ATGGCCTGGGCTCCTCTGCTCCTCACCCTCCTCAGTCTCCTCACAGGT,
,,L-PART1,,,,ATGGCCTGGACTCCTCTCCTCCTCCTGCTCCTCTCTCACTGCACAGGT,
,,L-PART1,,,,ATGGCCTGGTTCCCTCTCGTCCTCACCCTCCTCACTCACTGTGCAGGT,
,,L-PART1,,,,ATGGCCTGGACTCTGCTCCTCCTCCAGTTCCTCCTCACTTGC,
,,L-PART1,,,,ATGGCATGGTTCCCTCTCGTCCTCACCCTCCTCACTCACTGTGCAGGT,
,,L-PART1,,,,ATGGCCTGGACTCTGCTCCTCCTCCAGTTCCTCCTCACTTGCTGCCCAGGT,
,,L-PART1,,,,ATGGCCTGGACTCCTCTCCTCTTCCTGCTCTTCTCTCACTGCACAGGT,
,,L-PART1,,,,ATGGCCTGCTTCCCTCTCATCCTCACCGTCCTCACTCACTGT,
,,L-PART1,,,,ATGGCCTGGACTCTGCTCCTCCTCCAGTTCCTCCTCACTTGCTGCCCAGGT,
,,L-PART1,,,,ATGGCCTGGACTCCTCTCCTCCTCCTGCTCCTCTCTCACTGCACAGGT,
,,L-PART1,,,,ATGACCTGGTCCCCTCTCCTCCTCACCCTTCTCATTCACTGCACAGGT,
,,L-PART1,,,,ATGGCCTGGTCTCTCCTTCTCACTCTGCTGGTTCACTGCACAGGT,
,,L-PART1,,,,ATGACCTGGTCTCCTCTCCTCCTCACTCTCCTCGCTCACTGCACAGGT,
,,L-PART1,,,,ATGGCCTCGTCTCCTCTCCTCCTCACCCTTCTCATTCACTGCACAGGT,
,,L-PART1,,,,ATGGCCTGGACTCCTCTCCTCCTCCTGCTCCTCTCTCACTGCACAGGT,
,,L-PART1,,,,ATGGCCTGGTTCCCTCTCGTCCTCACCCTCCTCACTCACTGTGCAGGT,
,,L-PART1,,,,ATGGCCTGGATCCCTCTCCTGCTCCCCCTCCTCGCCCTCTGCACAGGT,
,,L-PART1,,,,ATGGCTTGGACTCTGCTCCTCGTCACCCTCCTCACTCAAGGCACAGGT,
,,L-PART1,,,,ATGGCCTGGACTTTTCTCCTCCTCGGCCTCCTTGCTTACTGCACAGGT,
,,L-PART1,,,,ATGGCCTGGACCCCTCCCCTGCTCATCCTCCTCACTCTCTGCACAGGT,
,,L-PART1,,,,ATGCTCATGACCCTGCTGCAGGGTGGGGGCTGTTGGGGC,
,,L-PART1,,,,ATGGCCTGGACCCCTCCCCTGCTCATCCTCCTCACTCTCTGCACAGGT,
,,L-PART1,,,,ATGGCTTGGGCTCTGGTCCTCCTCACCCTCCTCACTCAGGGCACAGGT,
,,L-PART1,,,,ATGGCCGGGACCCTTCTCCTCCTCGGCCTCCTCGCTCACTGCACAGGT,
,,L-PART1,,,,ATGGCCGGGACCCTTCTCCTCCTCGGCCTCCTTGCTCACTTTACAGGT,
,,L-PART1,,,,ATGGCCTGGACCCCTCCCCTGCTCATCCTCCTCACTCTCTGCACAGGT,
,,L-PART1,,,,ATGGCCTGGGCTCTGCTCCTCCTCACCCTCCTCACTCAGGGCACAGGT,
,,L-PART1,,,,ATGGCCTGGACCACACTCCTGCTCCCGCTCCTCACCCTCTACACAGGT,
,,L-PART1,,,,ATGGCCTGGACCCTTCTCCTCCTCGGCCTCCTCGCTCACTGCACAGGT,
,,L-PART1,,,,ATGGCCTGGACTCCTCTCTGGCTCACCCTCCTCAGTCTTTGCACAGGT,
,,L-PART1,,,,ATGGCCTGGGCTCTGCTCCTCCTCACCCTCCTCACTCAAGGCACAGGC,
,,L-PART1,,,,ATGGCCTGGACCCTTCTCCTCCTCGGCCTCCTCGCTTACTGCACAGGT,
,,L-PART1,,,,ATGGTCTGGGCTCTGCTCCTCCTCACCCTCCTCACTCAGGGCACAGGT,
,,L-PART1,,,,ATGACCTGGACCACTGTTCTGCTCCCCTTTCTCACTCTCTGCACAGGT,
,,L-PART1,,,,ATGGTCTGGGCTCTGCTCCTCCTCACCCTCCTCACTCAGGGCACAGGT,
,,L-PART1,,,,ATGGCCTGGACCGCTCTCCTCCTCAGCCTCCTCGCTCACTTTACAGGT,
,,L-PART1,,,,ATGACCTGGGCTCTGGTCCTCCTCACCCTCCTCACTCAGGGCACAGGT,
,,L-PART1,,,,ATGGCCTGGGCTCTGCTCCTCCTCACCCTCCTCACTCAGGGCACAGGT,
,,L-PART1,,,,ATGGCCTGGGTCTCCTTCTACCTCCTGCCCTTCATTTTCTCCACAGGT,
,,L-PART1,,,,ATGGCCTGGACGCCTCTCCTCCTCAGCCTCCTCGCTCACTGCACAGGT,
,,L-PART2,,,,GAGTGGATTCT,
,,L-PART2,,,,GTTCCCTCTCC,
,,L-PART2,,,,TGCCAGTGGTC,
,,L-PART2,,,,GGTCTTGGGCT,
,,L-PART2,,,,GGTCTTGGGCT,
,,L-PART2,,,,GTTCCCTCTCC,
,,L-PART2,,,,GGTCTCTCTCC,
,,L-PART2,,,,GTTCCCTCTCC,
,,L-PART2,,,,GGTCTTGGGCT,
,,L-PART2,,,,GGTCCAATTCT,
,,L-PART2,,,,GTTCCCTCTCC,
,,L-PART2,,,,GGTCCTGGGCC,
,,L-PART2,,,,GGTCCTGGGCC,
,,L-PART2,,,,GGTCCCTCTCC,
,,L-PART2,,,,GTTCCCTCTCG,
,,L-PART2,,,,GGTCCTGGGCC,
,,L-PART2,,,,GGTCCAATTCT,
,,L-PART2,,,,GGTCCTGGGCC,
,,L-PART2,,,,GGTCCAATTCT,
,,L-PART2,,,,GTTCCCTCTCA,
,,L-PART2,,,,GATCCTGGGCC,
,,L-PART2,,,,GGTCCAATTCT,
,,L-PART2,,,,GTTCCCTCTCC,
,,L-PART2,,,,GGTCCTGGGCC,
,,L-PART2,,,,GGTCCTGGGCC,
,,L-PART2,,,,GGTCCTGGGCC,
,,L-PART2,,,,GGTCCTGGGCC,
,,L-PART2,,,,GTTCCCTCTCC,
,,L-PART2,,,,GGTCCTGGGCC,
,,L-PART2,,,,GCTCTGTGGCC,
,,L-PART2,,,,GATCCTGGGCT,
,,L-PART2,,,,GCTCTGCGGCC,
,,L-PART2,,,,GTTCCGTGGTT,
,,L-PART2,,,,GCTCTGCGGTC,
,,L-PART2,,,,GTTCCGTGGTT,
,,L-PART2,,,,GATCCTGGGCT,
,,L-PART2,,,,GCTCTGCGGTC,
,,L-PART2,,,,GCTCTGCGGCC,
,,L-PART2,,,,GTTCCGTGGTT,
,,L-PART2,,,,GATCCTGGGCT,
,,L-PART2,,,,GCTCTGTTGCC,
,,L-PART2,,,,GCTCTGCGGCC,
,,L-PART2,,,,GTTCTGTGGTT,
,,L-PART2,,,,GATCCTGGGCT,
,,L-PART2,,,,GCTCTGCGACC,
,,L-PART2,,,,GATCCTGGGCT,
,,L-PART2,,,,GCTCTGAGGCC,
,,L-PART2,,,,GATCCTGGGCT,
,,L-PART2,,,,GCTCTGTGGCC,
,,L-PART2,,,,GATCCTGGGCT,
,,L-PART2,,,,GGTCCTGGGCT,
,,L-PART2,,,,GTCTCTGTGCT,
,,L-PART2,,,,GCTCTGTGGCC,
,,V-HEPTAMER,,,,CACGGCG,
,,V-HEPTAMER,,,,CACAGTG,
,,V-HEPTAMER,,,,CACAGTG,
,,V-HEPTAMER,,,,CACAGTA,
,,V-HEPTAMER,,,,CACAGTA,
,,V-HEPTAMER,,,,CACGCTG,
,,V-HEPTAMER,,,,CACAGTG,
,,V-HEPTAMER,,,,CACAGTG,
,,V-HEPTAMER,,,,CACAGTG,
,,V-HEPTAMER,,,,CACAGTG,
,,V-HEPTAMER,,,,CACAGTG,
,,V-HEPTAMER,,,,CATGGTG,
,,V-HEPTAMER,,,,CACAGTG,
,,V-HEPTAMER,,,,CACAGTG,
,,V-HEPTAMER,,,,CACAGTG,
,,V-HEPTAMER,,,,CACAGTG,
,,V-HEPTAMER,,,,CACAGTG,
,,V-HEPTAMER,,,,CACAGTG,
,,V-HEPTAMER,,,,CACAGTG,
,,V-HEPTAMER,,,,CACAGTG,
,,V-HEPTAMER,,,,CACAGTG,
,,V-HEPTAMER,,,,CACAATG,
,,V-HEPTAMER,,,,CACAGTG,
,,V-HEPTAMER,,,,CACGGTG,
,,V-HEPTAMER,,,,CACAGTG,
,,V-HEPTAMER,,,,CACGGTG,
,,V-HEPTAMER,,,,CACAGTG,
,,V-HEPTAMER,,,,CACAGTG,
,,V-HEPTAMER,,,,CACAGTG,
,,V-HEPTAMER,,,,CACAGTG,
,,V-HEPTAMER,,,,CACAGTG,
,,V-HEPTAMER,,,,CACAGTG,
,,V-HEPTAMER,,,,CACAGTG,
,,V-HEPTAMER,,,,CACAGTG,
,,V-HEPTAMER,,,,CACAGTG,
,,V-HEPTAMER,,,,CACAGTG,
,,V-HEPTAMER,,,,CACAGTG,
,,V-HEPTAMER,,,,CACAGTG,
,,V-HEPTAMER,,,,CACAGTG,
,,V-HEPTAMER,,,,CACAGTG,
,,V-HEPTAMER,,,,CACAGTG,
,,V-HEPTAMER,,,,CACAGTG,
,,V-HEPTAMER,,,,CACAGTG,
,,V-HEPTAMER,,,,CACAGTG,
,,V-HEPTAMER,,,,CACAGTG,
,,V-HEPTAMER,,,,CACAGTG,
,,V-HEPTAMER,,,,CACAGTG,
,,V-HEPTAMER,,,,CACAGTG,
,,V-HEPTAMER,,,,CACAGTG,
,,V-HEPTAMER,,,,CACAGTG,
,,V-HEPTAMER,,,,CACAGCG,
,,V-HEPTAMER,,,,CACAGTG,
,,V-HEPTAMER,,,,CACAGTA,
,,V-NONAMER,,,,ACCAAAACC,
,,V-NONAMER,,,,ACAAAAACC,
,,V-NONAMER,,,,ATAAAAACT,
,,V-NONAMER,,,,ACAAGAACT,
,,V-NONAMER,,,,ACAAGAACT,
,,V-NONAMER,,,,ACAAAACCT,
,,V-NONAMER,,,,ACAAAATCC,
,,V-NONAMER,,,,ACAAAAACC,
,,V-NONAMER,,,,ACAAAATCT,
,,V-NONAMER,,,,ACATAAACC,
,,V-NONAMER,,,,ACAAAATCT,
,,V-NONAMER,,,,ACAAGAACC,
,,V-NONAMER,,,,ACAAGAACC,
,,V-NONAMER,,,,ACAAAAACC,
,,V-NONAMER,,,,ACAAAAACC,
,,V-NONAMER,,,,ACAAGAACC,
,,V-NONAMER,,,,ACATAAACC,
,,V-NONAMER,,,,ACAAGAACC,
,,V-NONAMER,,,,ACATAAACC,
,,V-NONAMER,,,,ACAAAAACC,
,,V-NONAMER,,,,ACAAGAACC,
,,V-NONAMER,,,,ACATAAACC,
,,V-NONAMER,,,,ACAAAAACC,
,,V-NONAMER,,,,ACAAGAACC,
,,V-NONAMER,,,,ACAAGAACC,
,,V-NONAMER,,,,ACAAGAACC,
,,V-NONAMER,,,,ACAAGAACC,
,,V-NONAMER,,,,ACAAAATCT,
,,V-NONAMER,,,,ACAAGAACC,
,,V-NONAMER,,,,ACACAAACC,
,,V-NONAMER,,,,ACCAAAACC,
,,V-NONAMER,,,,ACCAAAACA,
,,V-NONAMER,,,,ACAGAAACC,
,,V-NONAMER,,,,ACCAAAACA,
,,V-NONAMER,,,,ACAGAAACC,
,,V-NONAMER,,,,ACCAAAACC,
,,V-NONAMER,,,,ACCAAAACA,
,,V-NONAMER,,,,ACCAAAACA,
,,V-NONAMER,,,,ACAGAAACC,
,,V-NONAMER,,,,ACCAAAACC,
,,V-NONAMER,,,,ACACAAACC,
,,V-NONAMER,,,,ACCAAAACA,
,,V-NONAMER,,,,ACAGAAACC,
,,V-NONAMER,,,,ACCAAAACC,
,,V-NONAMER,,,,ACAAAAACA,
,,V-NONAMER,,,,ACCAAAACC,
,,V-NONAMER,,,,ACATAAACC,
,,V-NONAMER,,,,ATCAAAACC,
,,V-NONAMER,,,,ACACAAACC,
,,V-NONAMER,,,,ACCAAAACC,
,,V-NONAMER,,,,ACCAAAACC,
,,V-NONAMER,,,,CCAAAACCT,
,,V-NONAMER,,,,ACAGAAACC,
