accessions,allele,functional,start,end,sense,l-part1
IMGT000024;,TRAV1-1*01,functional,10390,10664,forward,atgtggggagctttccttctctatgtttccatgaagatgggaggt
IMGT000024;,TRAV1-2*03,functional,31409,31683,forward,atgtggggagttttccttctttatgtttccatgaagatgggaggt
IMGT000024;,TRAV2*01,functional,100678,100940,forward,
aggtgagaaaatttggatcagtaaaaaggctaaggtgaagagatgagaaaatattggaggaggaaggcataccatctgttctccacttgtctcctcatactgattttgagccccctgtagagacagaattttagagatagaagtggattgaaatatgttcaaaaggagctttgtgagatgtacagaaaatacactctcttttccagcactaatggacattctaaaaaattgggcatgtattaggctacaaaggaagcttcaataatggagacattgtagctgcattctctttttggtcagaagcaagacagggataaccactatcagtgctactctttgttattttcctccagtagtatgtttgcagaaatattctttagtgtatacatcagatgatatcgtttggatatttctccccactcaaatgttgaaatttaatccccagtgctggaggtggggcctgatgggatgtgtttggatcatggcagcagatccctcatggcttagtgctgtctttgtgataatgagctcttgtgaggtctggttatttaaaagtgtgtgacactttccaaccccaatttgctccttctttcgccatgttacatgcatgctgcttctttgccttctaccatgactgtaagcttcttgaggcctccccagaagctgatcagatgccaacaccatacttcctgtaaagcctgcagaactgtgagccagtcaaacctcttttctttataagttatccagtctcaggtatttctttatagcaatgaatgaatagctaatacagtagggactatgcctagcactttctaggcagcaatggaagggctttgtatattcagtagtgagtgttcttgttgttggttgagtgaatttgtagtgttagggtgagtagtgtgagatttgattgattagagaattccctgtgctgtgtttaaacattgtttttggctgtatagcattgaattctcactgcctatctctgctggagagtctgtgatctatttaatatatcttaatatctttcttttctacttaaattagcttagtagattttattaagttacatctgaatatttgactgacaaaaagaggatcttgctaaagctaagatagtaaaaatagtatagtagtattgcagagaaacaacaagatgaatataaaactcaggaagttcaataggtacatttgtgaatcaagttcataggtgagtctaatatgataacgatgatgccacaaatctttagggaatggtggattatttagtagattgtgctattaaaactgtcctgctctatggagaaaaataaagtagttgggtcttctacagatgtaaattttagatgaattaaaacctaaatgtaaaaaacaaatctataaagataataaacacagtgtgggaaaatgtatttgtggctttggggtgaagaatgatttctaaatcaaaatccctaaagcccaataaggtgaaaaaaatgataatgttgattccttcaaaattaaggatttccattaaaaaaaaaggacaccatagacaaagctaatagactgggaccatattagaaaaagatacttgtgattttggatacagcaaaaaattaatatatgagaaactcttatgatttactgagaaaaactagaggtctaattttaaagtgagaaatcatgtatatggataacatgggaaagggaaatacaaatggctcaatagactaataatcagggtaatgcaagttgacattccatactcagtagattggtaaaagtagacagttttataatactaagtgttgttgaggttatggaaagactggaatgctcatgcactgctcgtagaagtgtaagtggctgtagctactttcaatcattaccgtcgtgaaattgagtatgtgtatgtactatgattgaacaatccttgctggggacatatcctagagaaattctcacatagttaataggtgaaatgtaaaaaaaaaatgttaattgctgtgtttgcaggagttacaggcagcctataattccatcactaggggattgcctaagtaagtgtggtgcatgctgaaatactgtgcagtagttactttgaaccaaaagtacataaccagtatctaaaaagagttttaagttatctgtagctctgtactaattggcttcagtaagaagctgcttaaagccttaatcagcttacttgtcaaattgtattccttttgtgttcccctctgtgttttggttgtcagaaatttcagagctcaaattaatcatagtagcgatcttagtccttccactaaatatatctgtccacttccctttgatttttctatcctcattttagaggcatttttgaattctgtattttatttggaagctttttgaggtcgtatatataaataaaaggtttctgttggacctaaatgatcatcttatcattattattatttttatttttagatggagtcttgctctgttgtccaggttggagtgaagtggcgcaatctcggctcactgcaacctctgcctcccgggttcaagtgattctcctgcctcagcctcccgagtagctgggatcacaggagactgccaccatgcccaggtaatttatatatttttagtagagacagggtttcaccatgttggccaggctggtctcgaaatcctgacctcaggcaatccacttaccttggccccccaaaatgctgggattacaggcttgacccactgctcccggctcatcttatcattattaaggactctgtcattaagaaaagagaaaagattaggaaagaaatggatttcctctcacctagaagactattaaagaaaggaaaggggatgcataaagcaaccatctgaagatggaaaaagaagtgtgttactccatgaaagtatgtgtttaatagccactcacctgaatgaagaacatcttttagtattcagaaggcttttccaaaaggcagttatttcctctggatagccttcatattcctatggaaattgaataaggatgaaaaatttgaacaaaagcaaaggacatgaaatctcttgaagatatgagaagctgtgaacacttgtcttagagggtgcatggagaaattatttttcatgagttcccatgtagtccgctaggtggcggaggttacataaaaaccctactgtataaacactgaattgctacacacttgtgtttcctcttctttttcaagtaaaatcccaaggaaacctgtagagtataataaaagctggagatagaactttgtagtaagccctatattaataacaataacagtgtcaggttgcaaaatgaggataggtaccataccaaaagagatgatctccaaatgcagtttttgtttcttttgtttacagaaaaattacaactgatttttttttccatatttgttccaaagatcaccttgaatgcaaggaatcaaattttgatcagtatatttacacagtaacttttgtaccttaaaaaattcatttcttatctactgcagctactaatatctcacgctaattattttaaacacattagcaggtcatcatgtcatatgtgacgggacttagcatactttttgtgtgactatatcactttaatttgtgtgatgaagcagtgccccattaattatgtgactccttctaatacccttagagaagaaaggaagctccttgaatactaaatttgcacaaccacagtgaccttataaaggatgcattcccttttaagattaatttctcagaacaaagcacagtgacgtcattactaagcagcctcacaactgtagcaacccttctaaaggttgtagattctggctgatgatgtcactgacacaaaggaaaaaatgcaaaacaggtagtcttaaataagcattctggtgagaccaactgcattttggcc,atggctttgcagagcactctgggggcggtgtggctagggcttctcctcaactctctctggaagggt,ttgcagaaagc,aaggaccaagtgtttcagccttccacagtggcatcttcagagggagctgtggtggaaatcttctgtaatcactctgtgtccaatgcttacaacttcttctggtaccttcacttcccgggatgtgcaccaagactccttgttaaaggctcaaagccttctcagcagggacgatacaacatgacctatgaacggttctcttcatcgctgctcatcctccaggtgcgggaggcagatgctgctgtttactactgtgctgtggagga,acagaaaca,cacagag,tagtt
IMGT000024;,TRAV3*01,functional,112133,112418,forward,atggcctctgcacccatctcgatgcttgcgatgctcttcacattgagt
IMGT000024;,TRAV4*01,functional,124803,125079,forward,atgaggcaagtggcgagagtgatcgtgttcctgaccctgagt
IMGT000024;,TRAV5*01,functional,137526,137802,forward,atgaagacatttgctggattttcgttcctgtttttgtggctgcagctggactgt
IMGT000024;,TRAV6*07,functional,156898,157177,forward,atggagtcattcctgggaggtgttttgctgattttgtggcttcaagtggactgt
IMGT000024;,TRAV7*01,functional,171327,171600,forward,atggagaagatgcggagacctgtcctaattatattttgtctatgtcttggctgt
IMGT000024;,TRAVA*02,pseudo,179707,179991,forward,atggaattttcaccaggtccagcgattacaacactcgtaatgtttggt
IMGT000024;,TRAV8-1*01,functional,185700,185983,forward,atgctcctgttgctcataccagtgctggggatgatttttgccctgagt
IMGT000024;,TRAV9-1*01,functional,199794,200074,forward,atgaattcttctccaggaccagcgattgcactattcttaatgtttggt
IMGT000024;,TRAV10*02,functional,213893,214172,forward,atgaaaaagcatctgacgaccttcttggtgattttgtggctttatttttatagt
IMGT000024;,TRAV11*01,pseudo,217892,218168,forward,acggagaagcccttgggagtttcattcttgatttcctcctggcagctgtgctgt
IMGT000024;,TRAV12-1*01,functional,229598,229871,forward,atgatgatatccttgagagttttactggtgatcctgtggcttcagttaagctgt
IMGT000024;,TRAV8-2*03,functional,235035,235318,forward,atgctcctgctgctcgtcccagtgctcgaggtgatttttaccctgggt
IMGT000024;,TRAV8-3*01,functional,240820,241103,forward,atgctcctggagcttatcccactgctggggatacattttgtcctgagt
IMGT000024;,TRAVB*02,pseudo,249840,250109,forward,atggagaggagactgggagctctcttggggcttttgtgggtccaggtttgctat
IMGT000024;,TRAV13-1*01,functional,257183,257462,forward,atgacatccattcgagctgtatttatattcctgtggctgcagctggactgt
IMGT000024;,TRAV14-1*02,pseudo,262868,263151,forward,atgttgctctccagctgcctgagggtggtcacagcttcaatgtggctaggt
IMGT000024;,TRAV11-1*01,pseudo,266577,266856,forward,atgaagaaggctttgggagtttcattcttgattttctcttgggagctgtgctgt
IMGT000024;,TRAV12-2*01,functional,276323,276599,forward,atgatgaaatccttgagagttttactagtgatcctgtggcttcagttgagctgt
IMGT000024;,TRAV8-4*01,functional,282844,283127,forward,atgctcctgctgctcgtcccagtgctcgaggtgatttttaccctgggt
IMGT000024;,TRAV8-5*01,pseudo,291339,>291422,forward,atgctcctggtgctcatcccactgctggggatacattttgtcctgagt
IMGT000024;,TRAV13-2*01,functional,306574,306853,forward,atggcaggcattcgagctttatttatgtacttgtggctgcagctggactgt
IMGT000024;,TRAV14/DV4*01,functional,312459,312748,forward,atgtcactttctagcctgctgaaggtggtcacagcttcactgtggctaggt
IMGT000024;,TRAV9-2*02,functional,329474,329754,forward,atgaactattctccaggcttagtatctctgatactcttactgcttggt
IMGT000024;,TRAV15*01,pseudo,338469,338751,forward,atgtatacgtatgtaacaaacctgcgcgttgtgcacatgtaccctagaacgt
IMGT000024;,TRAV12-3*01,functional,353882,354158,forward,atgatgaaatccttgagagttttactggtgatcctgtggcttcagttaagctgt
IMGT000024;,TRAV8-6*01,functional,366934,367217,forward,atgctcctgctgctcgtcccagcgttccaggtgatttttaccctgggt
IMGT000024;,TRAV16*01,functional,378764,379035,forward,atgaagcccaccctcatctcagtgcttgtgataatatttatactcagt
IMGT000024;,TRAV17*01,functional,385989,386265,forward,atggaaactctcctgggagtgtctttggtgattctatggcttcaactggctagt
IMGT000024;,TRAV18*01,functional,391493,391770,forward,atgctgtctgcttcctgctcaggacttgtgatcttgttgatattcagt
IMGT000024;,TRAV19*01,functional,395989,396278,forward,atgctgactgccagcctgttgagggcagtcatagcctccatctgtgttggt
IMGT000024;,TRAVC*01,pseudo,422022,422309,forward,
IMGT000024;,TRAV20*02,functional,428977,429250,forward,atggagaaaatgttggagtgtgcattcatagtcttgtggcttcagcttggctgt
IMGT000024;,TRAV21*01,functional,440875,441153,forward,atggagaccctcttgggcctgcttatcctttggctgcagctgcaatgt
IMGT000024;,TRAV8-6-1*01,pseudo,454128,454413,forward,atgctgctccctcagtgcttggctagatctcattgtgtgtcttgacgcttgggg
IMGT000024;,TRAV22*01,functional,459035,459305,forward,atgaagaggatattgggagctctgctggggctcttgagtgcccaggtttgctgt
IMGT000024;,TRAV23/DV6*05,functional,474779,475058,forward,atggacaagatcttaggagcatcatttttagttctgtggcttcaactatgctgt
IMGT000024;,TRDV1*01,functional,484430,484716,forward,atgctgttctccagcctgctgtgtgtatttgtggccttcagctactctggt
IMGT000024;,TRAV24*01,functional,493667,493943,forward,atggagaagaatcctttggcagccccattactaatcctctggtttcatcttgactgt
IMGT000024;,TRAV25*01,functional,500856,501128,forward,atgctactcatcacatcaatgttggtcttatggatgcaattgtcacgt
IMGT000024;,TRAV26-1*02,functional,512106,512382,forward,atgaggctggtggcaagagtaactgtgtttctgacctttggt
IMGT000024;,TRAV8-7*02,pseudo,520842,521125,forward,atgctcttagtggtcattctgctgcttggaatgttcttcacactgagt
IMGT000024;,TRAV27*03,functional,536457,536730,forward,atggtcctgaaattctccgtgtccattctttggattcagttggcatgt
IMGT000024;,TRAV28*02,pseudo,543467,543735,forward,atgaaggcattaataggaatcttgctgggcttcctgtggatacagatttgctgt
IMGT000024;,TRAV29/DV5*04,functional,551688,551967,forward,atggccatgctcctgggggcatcagtgctgattctgtggcttcagccagactgt
IMGT000024;,TRAV30*05,functional,556812,557085,forward,atggagactctcctgaaagtgctttcaggcaccttgttgtggcagttgacctgt
IMGT000024;,TRAV31*02,pseudo,565676,565961,forward,atgactgttggcagcatattacgggcactcatggcctctgccttccttggt
IMGT000024;,TRAV32*01,pseudo,573879,574154,forward,atggcaagaagaatggaaaagtccctgggagctttattcaaattcagctgaagcgt
IMGT000024;,TRAV33*01,pseudo,578533,578810,forward,atgctctgccctggcctgctgtgggcattcgtggtcccctttggcttcagt
IMGT000024;,TRAV26-2*01,functional,591190,591465,forward,atgaagttggtgacaagcattactgtactcctatctttgggt
IMGT000024;,TRAV34*01,functional,595950,596226,forward,atggagactgttctgcaagtactcctagggatattggggttccaagcagcctgt
IMGT000024;,TRAV35*03,pseudo,610297,610572,forward,atgctccttgaacatttattaataatcttgtggatgcagctgacatgt
IMGT000024;,TRAV36/DV7*05,functional,615075,615351,forward,atgatgaagtgtccacaggctttactagctatcttttggcttctactgagctgt
IMGT000024;,TRAV37*01,pseudo,654083,654361,forward,atggaaactccactgagcactctgctgctgctcctctgtgtgcagctgacctgt
IMGT000024;,TRAV38-1*01,functional,660371,660660,forward,atgacacgagttagcttgctgtgggcagtcgtggtctccacctgtcttggt
IMGT000024;,TRAV38-2/DV8*01,functional,669557,669845,forward,atggcatgccctggcttcctgtgggcacttgtgatctccacctgtcttggt
IMGT000024;,TRAV39*01,functional,692374,692650,forward,atgaagaagctactagcaatgattctgtggcttcaactagaccgt
IMGT000024;,TRAV40*01,functional,702754,703016,forward,atgaactcctctctggactttctaattctgatcttaatgtttggt
IMGT000024;,TRAV41*01,functional,708519,708788,forward,atggtgaagatccggcaatttttgttggctattttgtggcttcagctaagctgt
IMGT000024;,TRAV46*01,pseudo,785753,786019,forward,
aagtcccaggaaaaatgcagacttaccttcttatgacctagatctctttgcaaatctaatgaaaaaggtttgttatgcacaaatgtttccctccaattttatttcaggagatttgtgctctttcctggactgcccctgaacctggaggtaataattctagatcaaagtctccctagaaccttgaaaagggtggactgagaagactggatatacagctctaggcaaccagtcctccactgccaccaccatgctttctaatctccaggggagcctggtcatcttgctggacaattgctgtttctcctgacaaaatccaagttaggaaactgacagggtctttgtttctatttctctctatgcctatctctcaaggtgccctgtcattaatgaatcttaatcctcacttttatttctcaactctggctcccaatttctgttttcccacccctcatctgggggagccacccggaaccccctcattaatccacagacagccatctcaggacttcatgctaagaattcattgtttcccactttcctgcatttgaacactggagggcaatgctggaccagccaaagcactctaggtgctccgctccatctttgtctcaaccttgcctgtcatttcaggaagcagcctctggttggaagccaaaaccaaggaccagtggagcgcccataggctagcagaacagctaggtctattacagcatctcccccacacgggatcataggaataaaaggtagctcacggaaaagcacatctggtttcatgggtgacacaatcccctgggaaagaaactgagcggggtgcttgcctaactgtgtcattaaccagaaacaatctgtgtctctgactaggggatgcagattcctacctgtcttcactcactcagatgtaagcccctggagggtaatgtcttagtaaggtctgcattcctgtagcaagcacagtgtttggcaacaaatacttgctggatgaataaatggatgaatgcgtgtatggatacatatgtataaaatggaactggccattttcagatttgttgttgttttctagctcttatgacacccaaagtttaaatcattaatcagttgctgagcattcttagtcttaaagacaactaaggatggtcaggtggttaattaaatcagtggttgtcattgtacaaatgttatttcaaacaccacttcaagagtttcaggtctcttatttttaggaagtccttcattgtgtcatccatgtgtcctcagacctcaccagcctgtggattacaaaatacagacactatttcattaatattcaatttacaagaacctgcgggctcatcatgtggaatattgagtatccgtgatgtccccaagtgatttgtgggcatttcatgtgccacagtgggtccccacggggcttgacagttccatggagccagagctcttcttcaggccatctttcatcatcttgtgagacttttctccaggctgctctcccctctaccttcaccacaatggatcccatgtcaggtggacatggtctactctcttaatcattcaaagcactgctaaatgtttgaggaagaaagaagagcacattttgagacccaaaacccaacttgagactctttctacctccaggcaggcttacgcatagcaaagaccagctcaaggcgcccggtagaagtctgcaggcatctccatatctccaagtgcagagagcagaggagattttttcttctcagtccaagactagttcttttcctgccctgggatgattgacagtgagaaaaaacatttcctccagggaagcgctctacctgcccctccaccttctcagacggggcccgaccttcatgaccccgacaaagcaaacctggtgctcaactgtcttattagatcttctaacactatgtgtgtgacatcaacagccctaactaaattcacacttgggaaaaatatgcccctcattctaactaaacagacaccatttaattttcctaacagaacacttactattttgatgcacgacacctgttttcagttttatgataacttcataatctccaatacaatgagtgagtgtttatttgaaatgagaataacctcattctcaactagttttctcaacagaagaagagtgctcaaagttcatctagggtctttacctacagaaattcaatgctgtcagcaatcttcaaggagcagctctgccaaaggaaaaagaaagaaagaaaaaaggaaatcctgcttttataagttatccctattattaaaatttctaacaaatctctccctacagttcaaacctaggtccccagagtatatgggcctcatccttctcataaaaatgctgttaaaaaaaaaaggtgtcctttgacacctttcctgagtgcaaacagagattgaaaaaaatcattctaaaataacatttttctgtcactgcccaatgggaggtgagttgatcataggtgaagcatgtcctattagtatgtcttgctcaggatgcctttggtgtgagtaagggatgggtttctagggcaaaatctctgttctatacccgcaaaaaacaatgtacagaaatttccctaagagaggagattggcagtcaatacataagactccataggcaggaagtgtccagggtcagctccctgcattcaaatacagacctgcatcagggctgtgatttccaggtccaaggctcggtgagtggataatacctaaggcctgatgccaggcctgatgtccaggtttaacactgatggcaggccacagaccctcctgtcttgggattccaaaaagcccagaatctttcccagttcctactgacactaacttttgcccgggcaagaagtgtctgagattgcttcccttgagaccatagtcctttcttataattccaaaactaagcagccctgtttatgctgctgtggcagagcatggaatcttggttagtccttccaaactgcacccattgggttatccctggggaaatgatcacattacgctactttgttgaacactgaggactccaataaggactgtgaatcccaactatttctggtgtgggagccagggctttcaggtcattcaccagaaattatccaaccagaaaactttctttcaagttctgttcaaagtccagcagtttgcctacaggattcagatgagacttctaagaatcatctgtgtcttggatagagcaccctggcagcctcttgaaaatcaattccctaagaaacctatcttttagaaatggaccttcacaaagccagtgagagaatgggaggagtatgtggtttccaatgggagacatatatagacttttatgtcatgaatttctgaagtcagaccgtgacaaatgttggtcagagtacaatgcacagttgcccaaaggaggggaaattagcttggttcaggaggactaggaaatcctccccatggaagttttagttaaagtgacttaaaggatgaatgattttgacaaatgagggattggagaaggacatggcgggcagagggagtacagcttgagcaatgtccaggagggatatagaactgtgcttggggaacagtgatcacttggtgagagttgagtctgcctgagttggggcagtggagtggtgggagtggtgggctgtggcttgactgagaaagcttttgtgaatcacattaagggactagattctgttatatgggaaatgggcagaaatcacaggcatataagaggaaatgtgcttcaaagagtgcttggaaagattactatgggtgggaagactggttccaagaccggaaacaatgagatcagatgtaaagttaatatgaaactgaggtagacattgagaaggatcagaaggacttggaaagagaaaacagatttaagaaacacctcaaaaatagataaatgatatgtgggaatgaaagaaaagggagagattgtctcttcccgacatcctggctatgtactggaagattccctagttcccaagccccaaggtcttaccattagaaatcagtccttactcatttgtccattaaggcttaaggtgtcaatccttccaggaatgcttttatgtttctatggtccaaaggcttaatctccagtggcagaatgccaggtaccaatagaggagatttgggggcagtggtcttctcgggaccctcaaaaatcattacatagttgcccactcctcttatttataaagctgttcgtgtgaataagcacccaactactttgtctgtgcccatttgatcactgattgaataagaaataaaagccaaacatctatattctttttcttctctgaataatcttttcccctgtcttcagatttggaacaaggaaacccagatccagggaaaatattctaaatccttgacctccctatccagttggcaccccagcccagtaaaatggcttcaagtacaacattcccccaacagcaaagacagccttcctgggagtcttgggtaggcctgtccagggccaccgtgcagcacacatacatcttcccaaccagctccactgtcacaaacaccatccacactgccatgggcaagcctctggccaccaatgccaccccacctgctctggtgtgggcacacctacagccatgccaccaacactcctcgtgcacatgtctatggtgtatctgtgcagtcacagttgtcaccagctcaattctgtgtaaccctaagtccaggcatcttggggtgaatgtctccttattcctttgtccattgtcctgctctccctttaaaattgttcatgagtgtattttgcagaaagatatgtgatcttgaaagacagagaaggaaagagatgaagtaggagagtggcaggggtgggggtacagattttgagaaaggcaagaaaaaagaaaggatccttgacctccatcagtcccaactcccaaaataagactggccctaaagatagcttattatttatcccaaattaaaattttatggctctgcaatcattgtgtacacagtgaaaagaaaaccatcacacaaaagatgcagttatcctcacagtgggaacaatagcagccaagctgattctgctccaagaatagaataacagtgctaagtcaggaactccaaaactttgtcaacaaatagaataatttcttggtgggaaaatggctatgaaagaaggtgggcaggaaagcaaccttctgactcttgaacttggcatgggttgccagggaaaattccagccttggtccctccatagtgagctcacaaccagctctgctgactggggaaaagtcctgcctgaatatgcacagactccagaaggccctcaccttacccttgcccagaatcatatacagaatctaacaggctgtacctgcttctcttgcctaaagttatgcatcattaccagatttccagctccatgatggcagaaatttcagctgatttttttttccattgtatcctcagcattcagcagaaggtttgtatatacttggcactcaataaacacttgctgaatgaacggttgattgattaatcaattaattgattaatttaaaatgagcaaaatactttctccctgtctggcttctgaagagtgagtctgagtactagaaactgtcagataggcaatagaagccacagtccacttggaaaaatgactgtttctacctttgctcatccttctgggcatcttagattcctgaaattcaggaacaaggacccaagagatcatgacccaccaagtgtctttcaacaaaagactattttcctggctgtttcctttcagagaataagcctcctggggctgataagcgaatggcaccatatgctgaaaacacaggccctgagtggcagagggcaccagagcctcctctgaggagcctgttggattgcagcctttcaacaaatctgagtgtgtcttttgatagcatcagcatcaaccacccccaaggacctctttcttttattgcttcagcaatgaagcagccacatggctgttgtagataaggtggcccaagtgcattgtgcatgcaatgtaggctgctggtgcacagcactgagaatcgcagacacgccgtgtaccagcttctctacactgcgttgcccttcctctgtaagtggcccccaggtaaacgggtgtgattccccaccacttctcatttctcattttctatcatttttttctttgccag,,atggctcctgc,aagactgaaatcacacagccttccaacatggccacaatgattgggacagatgtcaagttccaacgctaatataacattcctgatgggaattatgattctttgtgctggcatctgcaaagagctaaccaaaggtttacctatatctgctatcctttcaaggcaccctggaatcagagcactgctagttgtctgtggacagaaaattgttctccagaacccgaatccttaagcatgtgcagccaagagactgagccatttactgctgtg,tcacactga,cactgtg,cagat
IMGT000024;,TRDV2*03,functional,810852,811139,forward,atgcagaggatctcctccctcatccatctctctctcttctgggcaggt
IMGT000024;,TRDV3*01,functional,857138,857427,reverse,agatgattcttactgtgggctttagctttttgtttttct
IMGT000024;,TRDJ1*01,functional,838186,838236,forward,
IMGT000024;,TRDJ4*01,functional,843346,843393,forward,
IMGT000024;,TRDJ2*01,functional,844786,844839,forward,
IMGT000024;,TRDJ3*01,functional,847195,847253,forward,
IMGT000024;,TRAJ61*01,ORF,863413,863472,forward,
IMGT000024;,TRAJ60*01,pseudo,864403,864459,forward,
IMGT000024;,TRAJ59*01,ORF,864650,864709,forward,
IMGT000024;,TRAJ58*01,ORF,865804,865866,forward,
IMGT000024;,TRAJ57*01,functional,866969,867031,forward,
IMGT000024;,TRAJ56*01,functional,867618,867679,forward,
IMGT000024;,TRAJ55*01,pseudo,869794,869850,forward,
IMGT000024;,TRAJ54*01,functional,870384,870443,forward,
IMGT000024;,TRAJ53*01,functional,871101,871166,forward,
IMGT000024;,TRAJ52*01,functional,874325,874393,forward,
IMGT000024;,TRAJ51*01,pseudo,875280,875342,forward,
IMGT000024;,TRAJ50*01,functional,876690,876749,forward,
IMGT000024;,TRAJ49*01,functional,877585,877640,forward,
IMGT000024;,TRAJ48*01,functional,878588,878650,forward,
IMGT000024;,TRAJ47*01,functional,880948,881004,forward,
IMGT000024;,TRAJ46*01,functional,881500,881562,forward,
IMGT000024;,TRAJ45*01,functional,882022,882087,forward,
IMGT000024;,TRAJ44*01,functional,882918,882980,forward,
IMGT000024;,TRAJ43*01,functional,884010,884063,forward,
IMGT000024;,TRAJ42*01,functional,884984,885049,forward,
IMGT000024;,TRAJ41*01,functional,885754,885815,forward,
IMGT000024;,TRAJ40*01,functional,887786,887846,forward,
IMGT000024;,TRAJ39*01,functional,889698,889760,forward,
IMGT000024;,TRAJ38*01,functional,890328,890389,forward,
IMGT000024;,TRAJ37*02,functional,891847,891908,forward,
IMGT000024;,TRAJ36*01,functional,893207,893265,forward,
IMGT000024;,TRAJ35*01,functional,894741,894799,forward,
IMGT000024;,TRAJ34*01,functional,895763,895820,forward,
IMGT000024;,TRAJ33*01,functional,896699,896755,forward,
IMGT000024;,TRAJ32*02,functional,897438,897503,forward,
IMGT000024;,TRAJ31*01,functional,899065,899121,forward,
IMGT000024;,TRAJ30*01,functional,900949,901005,forward,
IMGT000024;,TRAJ29*01,functional,902036,902095,forward,
IMGT000024;,TRAJ28*01,functional,903720,903785,forward,
IMGT000024;,TRAJ27*01,functional,904370,904428,forward,
IMGT000024;,TRAJ26*01,functional,906543,906602,forward,
IMGT000024;,TRAJ25*01,ORF,906909,906968,forward,
IMGT000024;,TRAJ24*03,functional,908066,908128,forward,
IMGT000024;,TRAJ23*01,functional,908513,908575,forward,
IMGT000024;,TRAJ22*01,functional,910137,910199,forward,
IMGT000024;,TRAJ21*01,functional,911697,911751,forward,
IMGT000024;,TRAJ20*01,functional,912422,912478,forward,
IMGT000024;,TRAJ19*01,ORF,913360,913419,forward,
IMGT000024;,TRAJ18*01,functional,913747,913812,forward,
IMGT000024;,TRAJ17*01,functional,914941,915003,forward,
IMGT000024;,TRAJ16*02,functional,916624,916683,forward,
IMGT000024;,TRAJ15*01,functional,917726,917785,forward,
IMGT000024;,TRAJ14*01,functional,918424,918475,forward,
IMGT000024;,TRAJ13*02,functional,919173,919235,forward,
IMGT000024;,TRAJ12*01,functional,920036,920095,forward,
IMGT000024;,TRAJ11*01,functional,920599,920658,forward,
IMGT000024;,TRAJ10*01,functional,921594,921657,forward,
IMGT000024;,TRAJ9*01,functional,923651,923711,forward,
IMGT000024;,TRAJ8*02,pseudo,924242,924301,forward,
IMGT000024;,TRAJ7*01,functional,925719,925777,forward,
IMGT000024;,TRAJ6*01,functional,927170,927231,forward,
IMGT000024;,TRAJ5*01,functional,928344,928403,forward,
IMGT000024;,TRAJ4*01,functional,930296,930358,forward,
IMGT000024;,TRAJ3*01,functional,931276,931337,forward,
IMGT000024;,TRAJ2*01,ORF,932168,932233,forward,
IMGT000024;,TRAJ1*01,ORF,933134,933195,forward,
